,url,Analyze_Content,Original_len,Cutted_len
0,https://www.jakomosofa.com/,"HTML 코드 분석 결과, 자코모라는 소파 전문 브랜드가 제공하는 웹사이트임을 알 수 있습니다. 이 웹사이트는 고품질의 소재와 정성스러운 장인정신으로 제작된 다양한 소파를 소개하고 있으며, 클래식한 스타일부터 현대적인 디자인까지 모든 취향에 맞는 제품을 제공합니다.

자코모의 웹사이트 구조는 다음과 같습니다:

* **헤더**: 자코모 브랜드 로고와 함께 환영 메시지와 간단한 소개가 표시됩니다.
* **메뉴 바**: 사용자가 소파 카테고리, 맞춤형 소파, 회사 정보 등 다양한 페이지로 이동할 수 있는 메뉴 항목이 있습니다.
* **슬라이더**: 자코모가 제공하는 다양한 소파의 이미지를 보여주는 슬라이더가 있으며, 사용자는 각 이미지를 클릭하면 해당 제품의 상세 정보를 볼 수 있습니다.
* **소파 섹션**: 클래식한 스타일부터 현대적인 디자인까지 다양한 카테고리로 나뉘어진 소파 제품들이 표시됩니다. 각 카테고리에는 자코모에서 제공하는 소파의 예시가 포함되어 있습니다.
* **맞춤형 소파 섹션**: 사용자는 자신의 취향에 맞게 색상, 소재, 디자인을 선택할 수 있는 맞춤형 소파 옵션을 제공합니다.
* **회사 정보 섹션**: 자코모 브랜드에 대한 회사 정보와 연락처 정보가 제공됩니다.

전반적으로 자코모의 웹사이트는 사용자가 다양한 소파 제품을 쉽게 탐색하고, 자신의 취향에 맞는 제품을 찾을 수 있도록 잘 구성되어 있습니다. 슬라이더와 맞춤형 소파 옵션과 같은 기능은 사용자들이 자코모가 제공하는 것을 더 잘 이해할 수 있게 도와줍니다.

자코모의 웹사이트 주요 특징으로는 다음과 같습니다:

* **다양한 제품**: 클래식한 스타일부터 현대적인 디자인까지 모든 취향에 맞는 다양한 소파 제품을 제공합니다.
* **맞춤형 옵션**: 사용자는 자신의 취향에 맞게 색상, 소재, 디자인을 선택할 수 있는 맞춤형 소파 옵션을 제공합니다.
* **슬라이더**: 자코모가 제공하는 다양한 소파의 이미지를 보여주는 슬라이더가 있으며, 사용자는 각 이미지를 클릭하면 해당 제품의 상세 정보를 볼 수 있습니다.
* **회사 정보**: 자코모 브랜드에 대한 회사 정보와 연락처 정보가 제공됩니다.

전반적으로 자코모의 웹사이트는 사용자가 다양한 소파 제품을 쉽게 탐색하고, 자신의 취향에 맞는 제품을 찾을 수 있도록 잘 구성되어 있으며, 슬라이더와 맞춤형 소파 옵션과 같은 기능은 사용자들이 자코모가 제공하는 것을 더 잘 이해할 수 있게 도와줍니다.",62992,50000
