0,https://www.ewits.co.kr
1,https://www.sanggong.co.kr/
2,https://www.dhscorp.com/
3,https://www.dhscorp.kr/
4,https://www.doosanrobotics.com/kr
5,https://www.jakomosofa.com/
6,http://www.hanchem.com/
7,http://modudaproperty.com
8,https://team.imweb.me/
9,https://www.in-unit.com/
10,http://hyundaispm.co.kr
11,https://www.sandoll.co.kr/
12,https://www.hyungji-elite.com/
13,https://www.lsems.com/
14,https://chrisndave.com/
15,https://www.posri.re.kr/
16,https://www.hanwhahub.com/
17,https://www.hyulimrobot.com/kor/main/main.html
18,https://www.hancom.com/
19,https://www.nearthlab.com/
20,https://owellsteel.com/
21,https://www.donga.co.kr/
22,http://www.archisound.co.kr/
23,https://www.hsad.co.kr/kor/main
24,https://www.seoulsemicon.com/
25,https://stories.amorepacific.com/
26,https://www.lignex1.co.kr
27,https://biz.redcap.co.kr/tour/
28,https://www.matplaza.com
29,http://www.odhitec.com/
30,https://www.mediaalt.kr/
31,https://www.peca.kr/
32,https://khhistory60.or.kr
33,https://www.ichannela.com/
34,https://www.innocean.com/ww-ko
35,https://www.skcc.co.kr/
36,https://jdnconnects.co.kr/
37,https://www.samyang.com/kr/index
38,http://theaprosedge.works/
39,https://www.gitauto.com/kor/index
40,https://www.adtek.co.kr/
41,https://www.nh-amundi.com/
42,https://www.shinsungeng.com/
43,https://skinmed.biz/
44,https://laundry24.net/
45,https://wearedelicate.com/
46,http://plainbit.co.kr/
47,http://www.rsenm.kr
48,https://ilcellion.co.kr
49,https://jmcoffee.co.kr/
50,https://www.samsungsds.com/
51,https://www.samsungsdi.co.kr/
52,https://deeplyinc.com/ko
53,https://www.fxlab.co.kr/
54,https://harimholdings.com/kr/
55,https://dd-eng.com
56,https://www.lotteiebs.com/
57,http://www.eromgroup.com/
58,https://www.mnexs.com/main/main.html
59,https://360fnbsolution.com
60,https://hansamfood.com/main
61,https://www.illuco.co.kr
62,https://inmode.co.kr/
63,https://www.sknetworks.co.kr/
64,https://investments.miraeasset.com/
65,https://esg.hanwhaocean.com/
66,https://www.nineonelabs.co.kr
67,https://humming-dx.co.kr/
68,https://www.yanoljagroup.com/ko
69,http://doklipmun.com/
70,https://www.lxglas.co.kr/
71,https://newpong.com
72,https://www.hnjcorp.co.kr/
73,https://www.aklover.co.kr/main/index.php
74,https://www.spc.co.kr/
75,https://www.invitrosco.com/
76,https://www.hanatourcompany.com/kr
77,https://www.inzent-iss.com/index.php
78,https://www.widecreekamc.com/
79,https://inside.nhn.com/
80,https://www.innogrid.com/
81,https://www.shinhanmedi.com/
82,https://www.shinwon.com/
83,http://www.astrion.co.kr/
84,https://mubl.co.kr/
85,https://www.hll.kr/
86,https://sustainability.skecoplant.com/
87,https://www.doosangeosolution.com/kr/
88,https://www.nexsmartmedia.co.kr/
89,https://www.samwonpaper.com
90,https://shinangchonusa.com/
91,https://connecteve.com/
92,http://www.sammisound.com/
93,http://www.jscoholdings.co.kr/
94,https://www.hitejinro.com/100thhistory/
95,https://www.u-cube.kr/
96,https://www.hankookandcompany.com/
97,https://mobiem.com/
98,https://shinhangroup.com/
99,https://corp.oliveyoung.com/
100,https://www.studio-particle.com/
101,https://hi-caresolution.com/user/main/
102,https://service.hi-caresolution.com/user/main/main.do
103,https://www.hanwhaocean.com
104,https://solvek.co.kr/
105,https://www.cjbioscience.com/
106,https://maylin.co.kr/
107,https://else.red/
108,https://www.wellysis.com/
109,https://www.kalamos.co.kr/
110,https://livein.im/
111,https://jadedoor.co.kr
112,https://bizmeka-ez.com/
113,http://www.protiumscience.com
114,https://advillains.com/
115,https://www.kccworld.co.kr/main.do
116,https://www.hmglobal.com/sustainability/
117,https://soslab.co/
118,http://www.piocomm.com/
119,https://www.shinsegaefood.com/
120,https://company.ybtour.co.kr/
121,https://www.hyundaiht.co.kr/
122,https://group.etevers.com/kor/main/main.html
123,https://works.incruit.com/home/
124,https://d-chris.com
125,http://rouumtech.com/
126,https://im-investment.com/kor/main/
127,https://www.hcompany.com/
128,https://mpyc.kr/kr/
129,https://www.gsenergy.co.kr/
130,https://www.lghnh.com/
131,https://www.jbdisplay.co.kr
132,https://yuhancare.com/
133,https://www.hcarbon.com/
134,https://www.poscointl.com/index.html
135,https://part1.co.kr/
136,https://qtandard.com/
137,http://www.semics.com
138,https://www.sikorea.co.kr
139,https://100.samyang.com
140,http://t.medicoresolution.com/
141,https://wrapstudio.co.kr/
142,https://musign.net/
143,https://vms.dnautomotive.com/
144,https://career.smpmc.co.kr/
145,http://www.ibkasset.com/
146,https://www.kolonenp.com
147,https://toss.im/new-dimension/brand-story
148,https://www.sunjin.co.kr/
149,https://www.hansolpns.com/
150,http://iomgene.com/
151,http://www.okdit.co.kr/
152,https://www.daerung.co.kr/
153,https://tp-inc.com/
154,http://thedopda.com/dopda/
155,https://www.syntekabio.com/en
156,https://www.lignex1.com/main.do
157,https://www.wylie.co.kr/
158,https://www.kepco-enc.com/
159,https://www.synergytower.co.kr/
160,https://www.renault.co.kr/ko/main/main.jsp
161,https://www.ipxcorp.com/
162,https://www.hwaseunggroup.com/kor/main/
163,https://www.dselectera.com/
164,http://unielux.com/
165,https://www.malongcompany.co.kr/
166,https://301lab.com/
167,https://www.oci.co.kr/
168,http://ilmobility.co.kr
169,https://www.oci-holdings.co.kr/
170,https://tomocube.com
171,https://www.iduscom.co.kr/
172,https://www.seavantage.com/kr
173,http://www.remo.re.kr/
174,https://www.sena.com/
175,https://googlecloud.lgcns.com/
176,http://www.jaa.co.kr/
177,http://picogram.co.kr/
178,https://www.revation.co.kr/kr/
179,https://www.kakaopay.com/
180,http://www.org-i.com/
181,https://www.brandassemble.com
182,https://handly.team/product/
183,https://www.gravity.co.kr/
184,https://www.hyosungtnc.com/kr
185,https://smpmc.co.kr/
186,https://www.irguide.co.kr/
187,https://www.hanwha.co.kr/
188,https://www.skcc.co.kr/
189,https://www.hyosungheavyindustries.com/kr
190,https://www.the-compass.kr/intro
191,https://www.nstel.co.kr
192,https://www.samsungsem.com/
193,https://metanetglobal.com/
194,https://www.thejrd.co.kr/
195,https://mainlineit.com/
196,https://www.skonec.com
197,https://www.pntmaterials.co.kr/
198,https://emob.daedongmobility.co.kr/
199,https://www.ystudio.co.kr
200,https://www.thepan.co.kr
201,https://www.hanwhaglobal.co.kr/
202,https://gw.ktbizoffice.com/
203,https://uldesign.co.kr/
204,https://esg.hd.com/
205,https://www.tmck.co.kr/main
206,https://cenacle.com/
207,https://www.cj.net/
208,https://www.navercloudcorp.com
209,https://www.navercorp.com/
210,https://www.hanmi.co.kr/
211,https://www.kakaocorp.com/
212,https://www.ygfamily.com/
213,https://www.xicna.com/
214,https://www.bgfecomaterials.com/
215,https://www.gselevators.co.kr/
216,https://www.workwiz.co.kr/workwiz/main/index.php
217,https://okayus.co.kr/
218,https://www.coex.co.kr/
219,http://onedirection.co.kr/
220,https://jellybus.com/
221,http://golcompany.co.kr/
222,http://inspicture.co.kr/
223,https://www.aekyung.co.kr/
224,https://www.nanro.kr/
225,https://caredoc.kr/
226,https://cplicense.cjenm.com/
227,https://www.gseps.com/
228,https://www.gspower.co.kr/
229,http://taesungind.co.kr
230,https://www.mathpro.co.kr/
231,https://withuplus.co.kr/
232,https://www.athomecorp.com/
233,https://hits.ai/
234,https://www.bpco.kr
235,https://www.haegin.kr/
236,https://www.kolonenc.com/
237,https://ksmt.co.kr/
238,https://www.theattrakt.com/
239,https://www.clunix.com/
240,https://www.kbfg.com/
241,https://www.kchglobal.com/
242,https://www.hanwhalife.com
243,http://arthur.co.kr/
244,https://ottogi.co.kr/
245,https://happymoneyinc.co.kr/kr/index.php?
246,https://ignitecorp.kr/
247,https://dbglobalchip.com/
248,https://www.nhn.com/
249,http://motras.co.kr/
250,https://company.nhncloud.com/
251,https://www.dragonflygame.com/
252,https://www.dbinc.co.kr/
253,https://company.airpremia.com/
254,https://purerang.co.kr/
255,https://www.infotech.co.kr/
256,https://metashowroom.hyosung.com/
257,http://www.3qint.com/
258,https://sherlockn.incruit.com/
259,https://www.hyosungadvancedmaterials.com/kr
260,https://www.hyosungchemical.com/kr
261,https://www.hyosung.com/kr
262,https://basgenbio.com/
263,https://www.vibey.co.kr/
264,https://www.geniemusic.co.kr/
265,https://there.space/
266,https://www.korearatings.com/
267,http://lithiumplus.co.kr/
268,https://www.humasis.com/kr/
269,https://www.istec.co.kr/kr/index.php?
270,https://shinhanfp.kr/
271,https://www.inviteseco.com
272,https://www.sksignet.com
273,https://www.woowayouths.com/
274,http://www.medicoson.com/kr/
275,http://www.lotteamc.com
276,https://roundsquare.ai/
277,https://roundsquare.ai/
278,https://teamstdy.com/
279,https://www.polyinspiration.com/
280,http://www.monitcell.com/
281,https://www.nbbio.co.kr/
282,https://www.seahbesteel.co.kr/
283,https://www.kyobolifeinnostage.co.kr/
284,https://www.golfzoncm.co.kr/index.do
285,https://www.hyundai.com/worldwide/en/company/newsroom
286,https://teamdep.com/
287,https://www.dongyangex.co.kr/
288,http://www.jsci.co.kr/
289,https://coachyou.kr/
290,https://about.hyundaicapital.com/
291,https://jbfoundation20thstory.com/
292,https://www.hyundaifuturenet.com/
293,https://www.hansoldeco.co.kr/
294,https://www.saltlux.com/
295,https://btyplus.co.kr/
296,http://builsf.com/
297,https://www.kggroup.co.kr/
298,https://mfunch.com/
299,https://www.aroundle-global.com/
300,https://24901miles.co.kr/
301,https://www.nice.co.kr/
302,https://mg.kfhi.or.kr
303,https://www.claviscorp.com/kr/index.php
304,http://www.kd.co.kr/
305,http://www.teraenergy.co.kr/
306,http://www.svinvest.com/
307,https://www.socarcorp.kr/
308,https://gccompany.co.kr/
309,https://www.secc.co.kr/
310,https://www.goodpharm.kr/
311,https://www.incurix.com/
312,https://company.nexon.com/kr/
313,https://www.poscodx.com/kor/
314,https://team-standard.com/
315,https://www.awesomemedia.co.kr
316,https://biz.skbroadband.com/
317,https://www.lgchem.com/main/index
318,https://www.thinkthingthank.com/
319,https://www.welcomefnd.com/
320,https://www.ebsmedia.kr/
321,https://www.nhreits.com/
322,https://www.jirandata.co.kr/
323,https://www.hyundai-rotem.co.kr/
324,https://www.beacompany.co.kr/
325,https://www.kolon.com/kr/main
326,http://hangangfood.com/
327,https://www.the-compass.kr/
328,https://kimnpartners.co.kr/
329,https://www.ethan-alice.com/
330,https://www.drtech.co.kr
331,https://www.onetech.co.kr
332,https://www.masstige.biz/main/main.html
333,https://www.agencygo.net/kr/
334,https://www.bio-core.com/
335,https://www.makeshop.co.kr/
336,https://www.hanwhaspacehub.com
337,https://farm-station.com
338,http://newcurrents.co.kr/
339,https://www.lotternd.com/
340,https://www.law365ai.com/
341,http://neodigitalgroup.co.kr/
342,https://www.crosstarget.co.kr
343,http://cmcm.co.kr/
344,https://www.posco.co.kr/
345,http://storyent.co.kr/
346,http://dtners.com/
347,https://www.lowcarbon.co.kr/
348,https://www.lottewellfood.com/
349,https://hyundaigreenfood.com/
350,http://carenergy.co.kr/
351,https://www.samsung.com/sec/sustainability/main/
352,http://www.any-chem.com/
353,http://www.pimaterials.com/
354,https://www.153logistics.com/
355,https://www.skpucore.com/
356,http://www.titanium22.co.kr/
357,https://ilgroup.co.kr
358,https://www.kaongroup.com/ko/
359,https://lnrobo.com/
360,https://www.kleannara.co.kr/
361,https://service.hyundai-robotics.com/
362,https://www.easternwells.co.kr/
363,https://samwhapaper.com/
364,https://www.poscointl.com/kor/
365,https://www.hanwhaaerospace.com/kor/index.do
366,https://klaytn.foundation/
367,https://www.alcre.co.kr
368,https://hanmadangwall.syn.co.kr/
369,https://www.hlcoldstorage.com/
370,https://www.hlklemove.com/main.do
371,https://www.samyang.com/kr/index
372,https://www.anipen.com/
373,https://www.hyundaixteer.com/
374,https://www.hyundaigfholdings.co.kr/
375,https://www.doosanheritage1896.com/
376,https://www.posco-inc.com:4453/poscoinc/v3/kor/
377,https://innovationlab.co.kr/project/simmons2022/
378,https://www.yuhan-kimberly.co.kr/
379,http://tehwa.co.kr/
380,https://www.lselink.com
381,https://www.glasstint.com/ko
382,http://dncompany1.co.kr/
383,https://www.gastropanel.co.kr/kr/index.asp
384,https://www.unitechcorp.com/
385,https://bgfcuad.co.kr
386,https://hanafn.com/
387,https://www.sungshincement.co.kr/kor/main/?
388,https://www.workwiz.co.kr/workwiz/main/index.php
389,https://www.century21cc.co.kr/
390,http://wacuskorea.com/
391,http://www.nicepayments.co.kr/kor/main/main.html
392,https://www.sysmate.co.kr/
393,https://tvn.cjenm.com
394,https://approtium.com/kr/index.php?no_it=1
395,https://nsonlaser.com/
396,https://www.doosanbobcat.com/kr
397,https://www.hd-hyundaielectric.com/
398,https://www.secuwiz.co.kr/
399,https://www.cjfreshway.com/
400,http://www.kornic.co.kr/kr/
401,http://www.easynetworks.kr/
402,https://www.hyundaigroup.com/
403,https://www.hyosungitx.com/
404,https://emart24.co.kr/
405,https://www.hyosungfms.com/
406,https://www.cj.net/
407,http://www.kbstarreit.com/mps
408,https://www.cellmed.co.kr/main/main.html
409,https://www.nhchem.co.kr/
410,http://www.tovstyle.com/
411,https://www.skenpulse.com/
412,http://www.sknexilis.com/
413,https://www.vegemil.co.kr/
414,https://www.g-well.co.kr/hm/gwell.aspx
415,https://www.daesung.co.kr/
416,https://www.designfrontier.co.kr/
417,http://stockout.co.kr
418,https://www.tobesoft.com/
419,https://sandbox.co.kr/
420,https://7meerkat.com/
421,http://www.dongjintex.com/
422,http://www.coramdeo0213.com/
423,https://www.gccorp.com
424,https://www.ksgdw.com/kor/main/main.html
425,https://www.caliverse.co.kr/
426,https://www.samsungengineering.com/kr/index
427,http://rn2.co.kr/kr/
428,http://www.smksc.co.kr/kr/
429,https://sksignet.com/kor/main/main.php
430,http://www.readspeaker.co.kr/main/main.html
431,https://idic.io/
432,https://www.goodpeople.or.kr/kor/main/main.html
433,https://www.dabeeo.com/
434,https://www.lbsemicon.com/main.lb
435,https://www.allerman.com/
436,http://hoeunarts.kr
437,http://dansuk.co.kr/
438,http://hanpure.co.kr/
439,http://sewha.kr/
440,https://www.danal.co.kr/
441,https://www.e1.co.kr/ko/
442,https://www.pact-alliance.com/
443,https://www.taihan.com/
444,http://www.ysmic.com/
445,http://godcar.kr/main/index.php
446,https://vntfilm.com/
447,https://www.orionworld.com/
448,https://www.gonplan.co.kr/
449,https://www.hwawoo.com/
450,http://www.metheus.co.kr/
451,https://www.skinnovation.com/
452,https://www.shinhanvc.com/kr
453,https://www.ybrain.com/
454,https://www.wiset.or.kr/
455,https://www.takis.co.kr/
456,https://zaram.com/kor/
457,http://www.takis.co.kr/
458,http://www.ritco.co.kr/
459,http://tiaco.uldesign17.co.kr/
460,https://www.oncomaster.co.kr/
461,http://www.ilscience.co.kr/
462,https://www.daliworks.net/
463,https://navifra.com/kor/
464,https://www.unidbtplus.co.kr/
465,http://allroundfriends.com/
466,https://recruit.gccorp.com/kor/main
467,https://www.ivwkr.com/
468,https://o2meet.io/
469,https://www.00700.com/
470,https://www.hanwhasolutions-insight.com/kr/main.do
471,http://www.daelimbath.com/
472,https://www.athomecorp.life/
473,http://sbxg.gg/
474,http://eepop.co.kr/
475,https://www.webling.kr/
476,http://www.newideation.co.kr/
477,https://news.samsungdisplay.com/
478,http://www.plcolor.co.kr/
479,https://sk-inc.com/kr/main/mainpage.aspx
480,https://www.hansollogistics.com/
481,https://www.nids.co.kr
482,http://hanwhaconvergence.com/kr/
483,http://theviggor.com/
484,http://samyangmarine.com/
485,https://www.smart-ele.co.kr/
486,https://knotters.kr/
487,http://www.enliple.com/
488,http://site-high.com/
489,https://www.samsungsds.com/kr/index.html
490,http://www.pigeon.co.kr/
491,https://www.osstem.com/
492,https://cswind.com/
493,https://samchullyes.co.kr/
494,https://stradvision.com
495,http://byryzn.com/
496,http://www.pitapat.net/
497,http://www.coleomarketing.com/
498,https://nni.namandnam.com/ko/
499,https://www.bgf.co.kr/
500,https://www.hanwhasystems.com/kr/
501,https://www.bgfretail.com/
502,https://www.shinyounggroup.com/hm/group.aspx
503,http://hbpaper.kr/
504,https://samhwansteel.com
505,https://www.kptech.kr/
506,https://igotcha.co.kr/index.html#
507,http://www.fivesense.co.kr/
508,https://www.igloo.co.kr/
509,https://www.novita.co.kr/main
510,https://townboard.co.kr/
511,http://www.snkintl.com/
512,https://kakaoenterprise.com/
513,http://www.cubox.aero/
514,https://www.hlmando.com/
515,http://www.conlabcompany.com/
516,https://tescomwireless.com/
517,http://www.daesangholdings.com/
518,http://www.majestade.co.kr/
519,https://www.lottefinechem.com/
520,https://www.lginnotek.com/
521,http://www.webmoa.co.kr/
522,http://kituramiet.com/
523,https://www.kolonindustries.com/
524,https://www.hyundai.com/worldwide/ko/
525,https://www.coreana.com
526,http://bcnc.co.kr
527,https://www.quarterback.co.kr/
528,https://www.thetraum.co.kr/
529,https://company.coway.com/
530,https://about.ncsoft.com/
531,http://www.ecorbit.com/
532,http://duruscoev.com
533,https://www.onestorecorp.com/
534,http://www.woosungfeed.co.kr/
535,https://medicalo.co.kr
536,https://www.poscoflow.com/
537,http://www.samyangchem.co.kr/
538,https://www.thr-law.co.kr/
539,https://www.piece.run/
540,https://dlchemical.co.kr/
541, https://www.golfzongolf.com/global/
542,http://hansollogisyou.com/
543,https://www.cravercorp.com/
544,https://qcells.com/kr/
545,http://mediacastle.co.kr/
546,https://www.seezncorp.com/
547,http://inmarkreits.com/kr/index.asp
548,https://creverse.com
549,https://robotics.hyundai.com/
550,https://www.shinsegaeproperty.com/
551,https://dosiraktong.com/Main/Index
552,https://www.altimedia.com/
553,https://www.sangsanginib.com/
554,http://www.whitekorea.kr/
555,http://teen.mk.co.kr/
556,https://www.nextchip.com/kr/
557,https://www.nexongames.co.kr/
558,https://www.osulloc.com/kr/ko/brandstory
559,http://www.samsungscg.co.kr/
560,https://www.assuretee.co.kr/
561,https://www.miwon.co.kr/
562,http://www.autotacbio.com/kor/
563,https://www.staby.co.kr/
564,http://www.wsgroup.co.kr/
565,https://1784.navercorp.com/
566,https://www.cjenm.com/ko/
567,http://metabrain.com/
568,https://www.model-solution.com/
569,https://vtov.soijeong.com
570,https://csinfo.kr/
571,https://www.pnctech.com/eng/main.pnc
572,https://aicenter.cj.net/
573,https://www.lgcns.com/
574,https://www.cjolivenetworks.co.kr/
575,https://xn--910b51a865e.kr/front/main.do
576,http://www.estien.com/
577,https://airbox.co.kr/main.airbox
578,https://ktcs.co.kr/main.do
579,https://www.wellkin.co.kr
580,https://www.samsungcnt.com/
581,https://www.seah.co.kr/
582,http://www.lunabrew.co.kr/
583,http://www.grove.or.kr/
584,https://www.itronics.co.kr
585,https://www.ahn-gook.com/
586,https://www.tasty9.co.kr/
587,https://www.tovism.com/
588,https://www.enterpriseblockchain.io
589,https://tangramfactory.com/
590,https://www.macrogen.com/ko/main
591,https://netlive.co.kr/
592,https://cjenmstudiocenter.com/
593,http://thehada.kr/
594,https://www.akis.co.kr/
595,https://aftermoment.kr/
596,https://www.woowahan.com/
597,https://www.kumsung.co.kr/
598,https://eag.co.kr/
599,https://www.panstar.co.kr
600,http://www.wood.co.kr
601,http://www.sigong-ip.com
602,http://anypointmedia.com/
603,https://www.sonohospitality.com/
604,https://www.skens.com
605,http://www.seoulwallpaper.co.kr/
606,https://www.daehanship.com/
607,https://www.nearthlab.com/ko/
608,https://www.secui.com/
609,http://develock.com/
610,https://alchera.ai/
611,http://www.nex9.co.kr/kor/
612,https://www.globalsempio.com/
613,http://vacorp.co.kr
614,http://lawvax.co.kr/main/index.php
615,https://www.iaanapt.co.kr/
616,http://hyundailncflooring.com/
617,http://www.eugenes.co.kr/
618,https://www.mobis.co.kr/
619,https://www.hyundai.co.kr/
620,http://www.hdswholdings.co.kr/
621,https://www.pagelab.kr/
622,https://www.albamon.com
623,https://www.klic.co.kr/
624,https://www.hanwha-security.com/ko/
625,https://thewatermelon.com/
626,http://www.hyundai-engine.com/
627,https://www.lunit.io/
628,http://advary.co.kr/
629,http://gongdrin.com
630,https://www.leeko.com/leenko/main.do?lang=KR
631,https://kolonbiotech.co.kr/main
632,https://ggglog.com/
633,http://www.newturngroup.com
634,https://www.hansol.com/
635,http://oska.co.kr
636,https://www.doosanenerbility.com
637,https://www.greencrosswb.com/
638,http://www.handsomefish.co.kr/
639,https://www.navis-ams.com/
640,https://www.lotteshopping.com
641,https://www.estsoft.ai
642,http://www.ajenergy.co.kr/
643,https://zeonenc.com/
644,http://www.newriver.co.kr
645,https://dalkomm.com
646,http://stemon.co.kr/
647,http://shimlee.co.kr/
648,https://richwood.net/
649,https://trucknbus.hyundai.com/hydrogen/ko/
650,http://www.hhimos.co.kr/
651,https://www.bepsolar.com/
652,https://www.thermos.kr/
653,https://www.gcsbio.com/
654,http://www.qblick.com
655,https://www.lignex1.co.kr/
656,https://www.dsrvlabs.com/
657,https://www.poscoonm.com/
658,https://www.koreanaircnd.com/
659,https://www.laonmarketing.co.kr/
660,https://www.sktelecom.com/
661,https://ibkchanggong.com/
662,https://www.ktsat.com/
663,http://broslab.co.kr/
664,http://www.ritco.co.kr/
665,https://www.skyautonet.com/
666,https://chethanol.com/homek/
667,https://goldenplanet.co.kr/
668,https://www.lgdisplay.com/
669,https://www.astellnkern.com/eng
670,http://www.picogram.co.kr/
671,
672,https://www.poscoenc.com/
673,https://www.tstrillion.com/
674,https://www.hyundai-autoever.com/
675,https://www.gs.co.kr/
676,http://el-group.kr/web/
677,https://www.dfy.co.kr/
678,https://www.posco.co.kr/brochure/posco.html
679,http://www.vivestudios.com
680,https://creativepartners.co.kr/
681,https://donner.co.kr/
682,https://www.hanwhaestate.com/
683,https://www.lgensol.com/
684,https://www.poscoenc.com/ko/index.aspx
685,https://www.gccell.com
686,http://huvis.com/kor/
687,https://www.lottemcc.com/
688,https://ko.daedong.co.kr/
689,https://www.ibksystem.co.kr/
690,http://hkjobinfo.com/
691,http://tailimpaper.com/
692,https://www.spc.co.kr/
693,https://www.hanwhaimpact.com/
694,http://www.doosungpaper.co.kr/
695,https://www.skecoplant.com/
696,https://www.kgdongbusteel.co.kr/
697,https://www.genesis.com/middleeast/ar/main.html
698,https://unid.co.kr
699,http://kchglobal.com/
700,https://www.krafton.com/
701,https://www.ehyundai.com/
702,https://www.poscochemical.com/
703,https://www.s1.co.kr/
704,https://teamdep.co.kr
705,https://www.tli.co.kr/
706,https://www.alienodorz.com/
707,https://yanolja.in/
708,http://www.serveone.co.kr/
709,https://www.komipo.kr/
710,http://korfin.kr/kr/
711,http://www.thetastable.com/
712,https://sustainability.hanafn.com/
713,https://www.skhynix.com/
714,https://www.ktalpha.com/
715,http://sustainability.coway.co.kr/
716,http://www.lxinternational.com/
717,https://www.ihanulche.co.kr/archive/intro
718,http://eng.nongshim.com/main/index
719,http://www.lxholdings.co.kr/
720,https://www.taehalaw.com/
721,https://www.semes.com/
722,https://company.dong-a.com/
723,www.doosandigitalinnovation.com
724,https://www.hanwha-pm.com/ko/
725,https://www.hyundaiht.co.kr/kr/
726,http://hylabs.co.kr/
727,https://www.kakaocorp.com/
728,https://www.dasan.group/
729,https://www.samsungdisplay.com/
730,https://www.jjtissue.com/
731,https://www.ahnlab.com/
732,https://company.skcarrental.com/index.html
733,http://company.ssg.com/
734,https://drclo.com
735,http://www.taekyung.co.kr/pc/main
736,http://dowell88.co.kr/
737,http://www.hyundai-autoever.com/
738,http://mujinassociates.com/
739,http://www.herit.net
740,http://farmer.hanbom.com/
741,https://plan-a.agency
742,https://www.daewoost.com/
743,http://www.robotori.com/
744,https://hybeinsight.com/
745,https://www.lginnotek.com/
746,https://www.cjlogistics.com/
747,http://www.handscorp.co.kr/
748,https://trucknbus.hyundai.com/hydrogen/ko
749,http://www.omadeng.com
750,https://clickdk.com
751,http://tsgcoltd.com
752,https://www.kolonworkwear.com/
753,https://www.planit147.com/
754,https://www.nhchem.co.kr/
755,https://www.dlholdings.co.kr/
756,https://company.zigbang.com/
757,https://www.kecc.co.kr/
758,https://career.doosan.com/
759,http://huvitz.com/
760,http://ntcenm.com/
761,https://innorules.com/kr/
762,https://shinsegae-inc.com/
763,https://www.samhwa.com/
764,https://jtbcmediatech.com/
765,https://www.dsmec.com/
766,https://www.hyundaifuturenet.co.kr/
767,http://www.hyundaiam.com/
768,https://www.lotteconf.co.kr/
769,https://company.himart.co.kr/
770,https://www.tsis.co.kr/
771,https://www.navercloudcorp.com/
772,https://www.hanjin.co.kr/
773,http://m-line.tv/
774,https://www.lignex1.co.kr/
775,http://www.hancomwith.com/
776,https://www.neowiz.com/
777,http://playliststudio.kr/
778,https://www.hana-aamc.com/
779,http://www.celltrionph.com
780,http://www.nowcos.com/
781,https://www.samsungnext.com/
782,http://www.etti.kr
783,http://einsmedia.co.kr/
784,http://www.nx3games.com/
785,http://www.lottebp.com/
786,https://www.dreamplus.asia/
787,https://www.hdec.kr/
788,https://www.doosanmachinetools.com/
789,https://www.lgensol.com/
790,http://kds.co.kr
791,http://www.pollexzone.com/
792,http://ltoplan.com/
793,http://xcell.co.kr/kor/
794,http://www.lginnotek.com/
795,http://www.customellow.com/
796,https://music.bugs.co.kr/event/promotion/bugs20thAnniversary/record
797,http://www.tkchemi.co.kr/
798,https://www.smgroup.co.kr/
799,http://newto.co.kr/
800,http://icyouthself.or.kr/main/main.html
801,https://www.samsungsds.com/
802,https://www.bongroup.co.kr/
803,https://www.kgc.co.kr/
804,http://leferimarketing.com/
805,http://www.zlgoon.co.kr/
806,http://www.sensor-view.com/kr/
807,http://beyond-cell.com/
808,https://www.pearlabyss.com/
809,https://www.celltrionhealthcare.com/ko-kr/home/main
810,https://news.samsung.com/kr/
811,http://www.swhitech.com/
812,http://www.genesis.com
813,https://www.bravecompany.io/
814,http://www.antifogon.com/
815,http://www.gvcorp.co.kr/
816,https://divis.co.kr
817,http://www.itaekyung.com/
818,https://www.kakaocorp.com/
819,http://www.todoc.co.kr/
820,https://www.sgaesports.gg/
821,http://deers.co.kr/
822,http://www.ex-it.co.kr
823,http://www.kne.co.kr/
824,http://www.sknexilis.com/kr/
825,https://www.nhn.com/
826,https://www.kakaoenterprise.com/
827,http://www.hanbom.com/
828,http://eromglobal.com/
829,https://www.lgessbattery.com/us/main/main.lg
830,http://corp.lghellovision.net/
831,https://www.cjlogistics.com/ko/90years
832,http://www.bumil.co.kr/
833,https://www.cj.net/
834,http://bermudaproject.co.kr/kor/main/main.asp
835,http://www.kinx.net
836,http://metanettplatform.com/
837,http://www.ckdhc.com/home
838,http://bosung21.com/
839,http://www.asicland.com/
840,https://www.bosungcorp.com/
841,https://www.themedium.io
842,http://cocoaworx.co.kr/
843,https://urbanlaunderette.com/
844,http://kog.co.kr/
845,http://intellectualdata.kr/
846,http://innotech07.com
847,https://www.korearental.co.kr/
848,https://www.hancomm.co.kr/
849,http://humanasia.org/
850,https://www.hanwhasolutions.com/ko/
851,http://www.hsgoodsprings.com/kr/main.do
852,http://www.nicefni.co.kr/
853,https://www.jklpartners.co.kr/en/
854,https://www.gspolymer.com/
855,https://www.gscaltex.com/kr
856,http://www.byncorp.com/
857,https://www.hankook-engineeringworks.com/ko
858,https://www.usetoolcompany.com/kr
859,https://jeju.kakao.com/
860,https://fund.kbiz.or.kr/index.do
861,http://celltrion.com
862,http://corporatecitizenship.posco.com/citizen/kor/s919w00000000.jsp
863,https://www.kolonsport.com/
864,http://www.mitutoyokorea.com/
865,http://hsgroup.acastar.co.kr/
866,https://webtoonscorp.com/
867,http://www.yuhan-kimberly.co.kr
868,https://www.genohco.com/kr/
869,https://www.idbins.com/FWMAIV5137.do
870,http://chemtronics.co.kr/
871,http://corp.skstoa.com/
872,https://www.samsunglife.com/individual/display/intro/PDK-MAMAI000000M
873,https://www.krafton.com/kr
874,
875,https://ksfs.co.kr/
876,https://blog.ncsoft.com/
877,https://www.ktservice.co.kr/
878,http://www.nongshim.com/
879,https://www.withinnovation.co.kr
880,http://www.beyless.com/
881,https://corp.kt.com/
882,http://www.pnixgames.com/
883,http://trading.samsungcnt.com/
884,https://www.hsecure.co.kr/
885,https://www.etriholdings.com/
886,http://lumosenm.com/
887,https://www.daewoong.co.kr/
888,https://www.kolonmobility.co.kr
889,https://kr.ncsoft.com/kr/index.do
890,http://www.shinhands.co.kr/
891,http://www.hmobility.co.kr/
892,https://www.kumhotire.com
893,http://www.nasmedia.co.kr
894,http://everybot.co.kr/
895,http://www.estsoft.ai/
896,http://www.kumhobuslines.co.kr/
897,http://www.atomyaza.kr/
898,http://career.banksalad.com/
899,http://korealogis.com
900,http://www.hucorp.co.kr
901,https://www.hanwhadirect.com/index.do
902,http://www.nexmos.co.kr
903,http://www.esoom.co.kr/
904,https://www.osulloc.com/kr/ko
905,https://www.ionspa.com
906,https://gongju.museum.go.kr/gongju/
907,http://www.mpeon.com/
908,http://www.ipgroup.co.kr
909,https://www.samsungsem.com
910,http://global.atomy.com/
911,http://brex.kr/
912,https://perfection.co.kr/
913,https://justice.kkpcgroup.com/
914,https://www.hankook-precisionworks.com/ko
915,https://www.sejongpac.or.kr/portal/main/main.do
916,https://www.daehong.com/
917,https://www.kdblife.co.kr/
918,http://novel-works.com
919,https://www.doosansolus.com/kr
920,http://www.dongahtire.co.kr/ko/home-grow/
921,http://www.hanwhasolutions.com/ko/gate/
922,https://academy.eumray.com/
923,https://www.kccglass.co.kr/main.do
924,https://lottejtb.net:57007/en/
925,https://skt.ai/index.do
926,https://mpointmall.hyundaicard.com/main.do
927,http://soroweb.co.kr/v3/
928,http://www.cellivery.com/
929,https://www.boram.com/main.do
930,https://www.hankook-technologygroup.com/ko
931,http://www.eluocnc.com/ko/main.asp
932,https://www.kbiz.or.kr/ko/index/index.do
933,https://www.designpixel.co.kr/
934,http://www.softbank.co.kr/en
935,http://in-sol.co.kr/
936,https://www.sangsanginworld.co.kr/ko/main.do
937,https://plus-ex.com/
938,https://www.samjinpharm.co.kr
939,https://www.lotteglogis.com/
940,http://dongsung.biz/
941,http://pr.nsmall.com
942,https://www.themedium.io/
943,http://www.innovis.co.kr/
944,http://www.hobansummit.co.kr/
945,http://www.kyungdong.co.kr/
946,https://www.fillvoid.com/kr/ko/index.html
947,http://www.ckdhc.com/
948,http://www.designfever.com/
949,http://www.ebogo.kr/#Bogo
950,http://woojungair.co.kr/
951,http://www.navienhouse.com/#
952,https://www.doosaninfracore.com/kr/
953,https://www.shinsegaedf.com/store/kr/main
954,https://win-plus.co.kr/
955,http://musign.net/
956,http://www.etti.kr/index.php
957,https://www.kisco.co.kr/
958,https://www.childfund.or.kr/70th
959,https://www.signok.com/#consultation
960,http://alpaca-realestate.com/
961,https://www.lgchem.com/main/index
962,https://www.lgcns.co.kr/
963,https://neobiotech.co.kr/index2.php
964,http://www.ystudio.co.kr/
965,https://www.tongyanginc.co.kr/
966,https://www.kolonls.co.kr/
967,https://www.hanati.co.kr/kor/main.jsp
968,http://www.hyundai-mnsoft.com/KR/
969,http://www.jipyong.com/kr/main/main.php
970,http://www.lghausys.com
971,https://www.db-dvp.co.kr/
972,http://www.joonganggroup.com/index.html
973,http://company.gsshop.com/main/index
974,http://edle.co.kr
975,https://kttelecop.co.kr/#none
976,http://www.gsentec.com/
977,https://www.barogo.com/
978,http://www.dkpharm.co.kr/
979,https://www.chunjae.co.kr/#/main
980,https://kepcofms.co.kr:1443/ft/main.do
981,http://ssen10.com/
982,https://www.hanwhasystems.com/kr/index.do
983,https://korealaundry.com/
984,https://www.ldcc.co.kr/
985,https://www.sksiltron.com/ko/main/main.do
986,http://www.hwajinkorea.com/
987,https://www.lgchem.com/kr/lg-chem-history
988,https://beready.co.kr/
989,https://www.doosan.com/kr
990,https://bullsone.com/
991,http://www.hgkmc.kr/
992,http://www.mugobox.com/
993,https://galleria.hanwhasolutions.com/
994,https://kepcomcs.co.kr/ft/main.do#main
995,http://www.newbird.co.kr/
996,https://ci.securities.miraeasset.com/
997,https://www.hec.co.kr/ko
998,http://www.sase.co.kr/html/index/
999,http://www.nvisana.com/html/index/
1000,https://www.kimchang.com/ko/main.kc
1001,http://skprobono.com
1002,https://www.wemade.com/main
1003,http://www.efusioni.com/2019/main.jsp
1004,http://recloud.energy.or.kr/main/main.do
1005,http://www.dongkuk.com/ko/index
1006,https://design.amorepacific.com/
1007,https://www.wizzpay.co.kr/
1008,https://www.samsungbiologics.com/front/kr/main.do
1009,http://www.daewooenc.com/
1010,http://www.haenae.co.kr/main/index.php
1011,http://www.gallup.co.kr
1012,http://www.dkgholdings.co.kr/#dkgholdings
1013,https://www.kup.co.kr/
1014,https://www.bykak.com/
1015,https://deliveryhero.co.kr/
1016,http://www.waterpik.co.kr/new2/index.asp
1017,https://www.lotteresort.com/main/ko/index?urlLang=ko
1018,https://www.ktds.com/main.jsp
1019,http://www.qblick.com/index.php#none
1020,https://www.jin-a.co.kr/
1021,http://krb.co.kr/
1022,https://www.samsungbioepis.com/kr/index.do
1023,http://bonhyang.co.kr/kr/index.php#top
1024,https://www.ilogen.com/web
1025,https://www.kccworld.net/main.do
1026,http://www.cjpowercast.com/
1027,http://asianaairport.com/kr/
1028,http://www.fromwell.com/
1029,http://www.i-angel.co.kr
1030,http://www.greencross.com
1031,http://washenjoy.co.kr/
1032,http://hyundailncflooring.com/kr/
1033,https://www.kdn.com/index.kdn?sid=a1
1034,https://myjvm.com/kr/index.php
1035,https://bithumbcorp.com/
1036,http://product.posco.com/homepage/product/kor/jsp/s91m0000001i.jsp
1037,https://www.digitalworks.co.kr
1038,http://www.cjmd1.co.kr/
1039,http://absolute.maeil.com/index.do
1040,http://www.lghausys.co.kr/hausys/index.jsp
1041,http://www.stxconst.co.kr/
1042,https://www.hanwha.co.kr/index.do
1043,http://www.ips.co.kr/
1044,http://www.uzinmedicare.com/
1045,http://www.lg.co.kr/
1046,https://dkeyeweargroup.com/
1047,http://www.uplus.co.kr/com/main/pkmain/PkMain.hpi?mid=10004&tmid=m3&WEB_BNNR_ID=TOP_01
1048,https://www.vinylc.com/ko/main
1049,http://pmcseoul.co.kr/
1050,http://www.bioleaders.co.kr
1051,https://nlt.kr/
1052,http://www.giantstep.co.kr/
1053,http://www.g-smattglobal.com/
1054,http://gxlab.co.kr/
1055,http://biz.skbroadband.com/Main.do
1056,https://www.ktsat.net/mainPage.do
1057,https://www.analyticsfn.com/
1058,http://www.gsgcorp.com
1059,http://www.prugio.com
1060,http://www.korloy.com/ko/main/main.do
1061,http://thcompany.co.kr/index.php
1062,https://www.somesing.io/index
1063,https://www.ihanulche.co.kr/landing_main.asp
1064,http://www.easymedia.net/Main/
1065,https://www.skplanet.com/main
1066,http://www.hancomgroup.com/
1067,https://www.paradise.co.kr/ko/main
1068,http://www.adcapsule.kr/#/
1069,http://www.etiqa.co.kr/
1070,https://www.hanwhalife.com/static/consultant/main/LC_0000000_P10000.htm
1071,http://www.yuhan-kimberly.co.kr/
1072,http://www.clean-aid.co.kr/
1073,https://www.samyang.com/
1074,https://www.woorifg.com/kor/main/index.do
1075,http://www.pulmuone.kr/pulmuone/main/Index.do
1076,http://www.emforce.co.kr/
1077,http://www.posco.co.kr/homepage/docs/kor6/jsp/s91a0000001i.jsp
1078,https://www.cj.co.kr/kr/index
1079,https://www.fursys.com
1080,http://kakaopagecorp.com/
1081,http://www.ygselect.com/shop/artist_setting.html
1082,http://www.dongwon.com/
1083,https://v.miraeassetdaewoo.com/
1084,https://www.lottechem.com
1085,https://www.cheil.com/hq
1086,http://www.nml.co.kr/shop/
1087,http://baronmedia.co.kr/
1088,https://sandbox.co.kr/
1089,https://company.lottechilsung.co.kr/kor/main/index.do
1090,https://slowalk.co.kr/
1091,https://www.lsholdings.com/ko
1092,http://www.foodisgoat.com/html/themes/www/web/goat/index.jsp
1093,https://cube6.imweb.me/
1094,http://divis.co.kr/
1095,https://www.gomlab.com/index.gom
1096,https://www.hanwhalife.com/company/main/CM_0000000_P10000.do
1097,https://www.oledspace.com/community/main/main
1098,http://www.amorepacific.com/int/en
1099,https://www.aelfkorea.io/
1100,http://www.teruten.com/kr/index.php
1101,http://www.mobis.co.kr/main/index.do
1102,http://www.btckorea.com/ko/
1103,https://www.hanwha.com/solar-rnd/en/
1104,http://www.pncindustry.com/
1105,http://www.j3d.kr/
1106,http://www.newturngroup.com/index_sub.php
1107,http://www.daylifg.com/
1108,http://www.de-ssion.com
1109,http://kocom.co.kr/
1110,http://www.g-smattglobal.com
1111,http://www.hls.co.kr/kr/main/main.do
1112,http://about.hyundaicard.com
1113,https://www.amoeba.co.kr
1114,http://www.sait.samsung.co.kr/saithome/main/main.do
1115,http://
1116,http://design.samsung.com/kr/
1117,https://www.lotterental.com/homepage/html/web/index/index.html
1118,http://www.kgc.co.kr
1119,http://saturn.co.kr/
1120,http://www.lotte.co.kr/main.do
1121,http://kgfamily.co.kr/
1122,https://www.haein.com/kr/index.php
1123,http://www.stage631.com/
1124,http://www.iroyalbath.com/
1125,http://enakwon.com/main/
1126,http://www.cj.net
1127,http://www.shinil.co.kr/ko/main/
1128,http://www.brave-f.com/brave2/
1129,https://www.daesang.com
1130,http://www.samick.co.kr/
1131,http://www.bgf.co.kr
1132,http://70.mirae-n.com
1133,http://www.kakaoventures.co.kr/
1134,http://www.virnect.com
1135,http://www.snsys.net/
1136,http://www.harimholdings.com
1137,http://www.lucoms.com
1138,http://www.xeogen.com/
1139,http://www.hyosungheavyindustries.com/kr/main.do
1140,http://www.hyundai-autron.com/main/index.do
1141,http://www.cjrndconference.co.kr
1142,https://www.moguchon.co.kr/wn/
1143,http://www.visang.com
1144,https://www.daouidc.com/index.do
1145,http://www.junglim.com
1146,http://pedien.net/html/
1147,http://www.hyundaielevator.co.kr
1148,http://amicogen.com
1149,http://www.finerobotics.com
1150,https://www.skbioscience.co.kr/kr/main.do
1151,https://company.ahnlab.com/kr/index.do
1152,http://www.jiransecurity.com
1153,http://www.smcultureandcontents.com
1154,http://www.cjenm.com/
1155,https://www.echosunhotel.com/intro.do
1156,http://dbcon.dongbu.co.kr/
1157,http://anooribaby.co.kr/main.do
1158,http://teamlinch.com/
1159,http://www.kpyro.com
1160,http://bmmost.com/
1161,http://hkcosm.com
1162,https://www.autonics.com/main
1163,http://www.ycpiano.co.kr/
1164,https://jejubeer.co.kr/
1165,http://www.noroopaint.com
1166,http://www.ilshin.kr/front/kor/main.do
1167,http://www.gnjoy.com/
1168,http://www.lottegrs.com
1169,http://www.barunsonena.com
1170,http://www.sajo.co.kr/
1171,http://www.e-taea.co.kr
1172,http://www.webzen.com/
1173,http://www.daumsoft.com/
1174,http://www.hyundaigreenfood.com
1175,http://www.woomi.co.kr/
1176,http://www.jcontentree.com
1177,http://stanfordseoul.com/
1178,http://flip.dorelan.co.kr
1179,http://www.jiransoft.co.kr/
1180,http://www.yungjin.co.kr
1181,http://www.cafe24corp.com
1182,http://www.act5.co.kr/
1183,http://www.skbroadband.com/Main.do
1184,http://www.pantech.co.kr/
1185,http://www.wzdworks.com/
1186,http://www.v-w.kr
1187,http://blankcorp.kr/index.php
1188,http://www.dfy.co.kr/
1189,http://www.thesaemcosmetic.com
1190,http://www.hdmps.co.kr
1191,http://www.oci.co.kr/
1192,http://www.dtribe.co.kr/main.php
1193,http://smartzzang.com
1194,http://www.posco.co.kr/posco_50th/main.html
1195,http://www.gjec.co.kr
1196,http://www.apgroupcsr.com
1197,http://www.ka.co.kr
1198,http://corp.ticketmonster.co.kr/
1199,http://www.hanwhasonsa.co.kr
